Id,Name,Industry,Phone,Website,BillingStreet,BillingCity,BillingState,BillingPostalCode,NumberOfEmployees,Description
0010000000000001,Vanguard Industries,Technology,415-555-1000,www.vanguardindustries.com,1934 Market St,Chicago,IL,60601,2694,Vanguard Industries specializes in Technology and has built a reputation for excellence in service delivery. Their dedicated team of professionals ensures clients receive the best possible solutions.
0010000000000002,Pinnacle Technologies,Technology,415-555-1001,www.pinnacletechnologies.com,5769 Broadway,Los Angeles,CA,90012,3202,"Known for its forward-thinking approach, Pinnacle Technologies has become a trusted name in Technology. Their investment in research and development has led to significant advancements in the field."
0010000000000003,Beacon Industries,Retail,415-555-1002,www.beaconindustries.com,3966 Main St,Atlanta,GA,30303,1918,"With years of experience in Retail, Beacon Industries prides itself on its industry expertise and customer satisfaction. They continue to expand their reach with innovative solutions and strategic partnerships."
0010000000000004,Northstar Resources,Real Estate,415-555-1003,www.northstarresources.com,8552 Market St,New York,NY,10001,2450,Northstar Resources specializes in Real Estate and has built a reputation for excellence in service delivery. Their dedicated team of professionals ensures clients receive the best possible solutions.
0010000000000005,Vertex Consulting,Consulting,415-555-1004,www.vertexconsulting.com,6835 Elm St,San Francisco,CA,94103,1911,Vertex Consulting specializes in Consulting and has built a reputation for excellence in service delivery. Their dedicated team of professionals ensures clients receive the best possible solutions.
0010000000000006,Redwood Solutions,Real Estate,415-555-1005,www.redwoodsolutions.com,1164 Elm St,Denver,CO,80202,4025,"Redwood Solutions is a dynamic company in the Real Estate space, consistently delivering exceptional value to its clients. With a focus on operational efficiency and high-quality service, they continue to thrive in the competitive market."
0010000000000007,BlueWave Innovations,Healthcare,415-555-1006,www.bluewaveinnovations.com,2915 2nd Ave,Los Angeles,CA,90012,2709,"BlueWave Innovations is a dynamic company in the Healthcare space, consistently delivering exceptional value to its clients. With a focus on operational efficiency and high-quality service, they continue to thrive in the competitive market."
0010000000000008,Redwood Dynamics,Consulting,415-555-1007,www.redwooddynamics.com,8697 Sunset Blvd,San Francisco,CA,94103,336,"A leader in Consulting, Redwood Dynamics is known for its innovation and customer-driven solutions. With a strong commitment to quality, the company continuously pushes the boundaries of industry standards."
0010000000000009,Northstar Corporation,Energy,415-555-1008,www.northstarcorporation.com,4636 Main St,Denver,CO,80202,469,"A leader in Energy, Northstar Corporation is known for its innovation and customer-driven solutions. With a strong commitment to quality, the company continuously pushes the boundaries of industry standards."
0010000000000010,Redwood Innovations,Finance,415-555-1009,www.redwoodinnovations.com,9467 Broadway,Miami,FL,33101,1460,"With years of experience in Finance, Redwood Innovations prides itself on its industry expertise and customer satisfaction. They continue to expand their reach with innovative solutions and strategic partnerships."
0010000000000011,Crestpoint Strategies,Finance,415-555-1010,www.crestpointstrategies.com,580 Sunset Blvd,Boston,MA,02108,2833,"With years of experience in Finance, Crestpoint Strategies prides itself on its industry expertise and customer satisfaction. They continue to expand their reach with innovative solutions and strategic partnerships."
0010000000000012,OmniTech Ventures,Consulting,415-555-1011,www.omnitechventures.com,8159 Park Ave,Seattle,WA,98101,1554,"As a top-tier company in Consulting, OmniTech Ventures focuses on sustainable growth and cutting-edge technology. Their mission is to provide top-quality products and services to customers worldwide."
0010000000000013,Vanguard Networks,Technology,415-555-1012,www.vanguardnetworks.com,8676 Main St,Atlanta,GA,30303,163,"A leader in Technology, Vanguard Networks is known for its innovation and customer-driven solutions. With a strong commitment to quality, the company continuously pushes the boundaries of industry standards."
0010000000000014,Everest Logistics,Consulting,415-555-1013,www.everestlogistics.com,2829 Main St,Miami,FL,33101,2636,"Known for its forward-thinking approach, Everest Logistics has become a trusted name in Consulting. Their investment in research and development has led to significant advancements in the field."
0010000000000015,Horizon Consulting,Finance,415-555-1014,www.horizonconsulting.com,1755 Broadway,Atlanta,GA,30303,2130,"A leader in Finance, Horizon Consulting is known for its innovation and customer-driven solutions. With a strong commitment to quality, the company continuously pushes the boundaries of industry standards."
0010000000000016,Sterling Ventures,Energy,415-555-1015,www.sterlingventures.com,7285 Elm St,New York,NY,10001,101,"As a top-tier company in Energy, Sterling Ventures focuses on sustainable growth and cutting-edge technology. Their mission is to provide top-quality products and services to customers worldwide."
0010000000000017,Apex Holdings,Education,415-555-1016,www.apexholdings.com,6701 2nd Ave,Austin,TX,73301,4956,"Known for its forward-thinking approach, Apex Holdings has become a trusted name in Education. Their investment in research and development has led to significant advancements in the field."
0010000000000018,Everest Dynamics,Education,415-555-1017,www.everestdynamics.com,195 Broadway,Atlanta,GA,30303,2607,Everest Dynamics specializes in Education and has built a reputation for excellence in service delivery. Their dedicated team of professionals ensures clients receive the best possible solutions.
0010000000000019,BlueWave Group,Energy,415-555-1018,www.bluewavegroup.com,4764 Broadway,New York,NY,10001,1642,BlueWave Group specializes in Energy and has built a reputation for excellence in service delivery. Their dedicated team of professionals ensures clients receive the best possible solutions.
0010000000000020,Everest Partners,Energy,415-555-1019,www.everestpartners.com,3972 Elm St,Miami,FL,33101,2056,"A leader in Energy, Everest Partners is known for its innovation and customer-driven solutions. With a strong commitment to quality, the company continuously pushes the boundaries of industry standards."
0010000000000021,Horizon Dynamics,Finance,415-555-1020,www.horizondynamics.com,9682 Elm St,New York,NY,10001,2641,Horizon Dynamics specializes in Finance and has built a reputation for excellence in service delivery. Their dedicated team of professionals ensures clients receive the best possible solutions.
0010000000000022,BlueWave Networks,Education,415-555-1021,www.bluewavenetworks.com,1363 Ocean Dr,Miami,FL,33101,3127,"As a top-tier company in Education, BlueWave Networks focuses on sustainable growth and cutting-edge technology. Their mission is to provide top-quality products and services to customers worldwide."
0010000000000023,Skyline Consulting,Education,415-555-1022,www.skylineconsulting.com,3427 Park Ave,New York,NY,10001,3823,"Skyline Consulting is a dynamic company in the Education space, consistently delivering exceptional value to its clients. With a focus on operational efficiency and high-quality service, they continue to thrive in the competitive market."
0010000000000024,Legacy Resources,Telecommunications,415-555-1023,www.legacyresources.com,5265 Sunset Blvd,Los Angeles,CA,90012,2108,"Known for its forward-thinking approach, Legacy Resources has become a trusted name in Telecommunications. Their investment in research and development has led to significant advancements in the field."
0010000000000025,Pinnacle Group,Manufacturing,415-555-1024,www.pinnaclegroup.com,8177 Ocean Dr,Seattle,WA,98101,4576,"Known for its forward-thinking approach, Pinnacle Group has become a trusted name in Manufacturing. Their investment in research and development has led to significant advancements in the field."
0010000000000026,Vertex Strategies,Retail,415-555-1025,www.vertexstrategies.com,1914 Elm St,New York,NY,10001,1853,"A leader in Retail, Vertex Strategies is known for its innovation and customer-driven solutions. With a strong commitment to quality, the company continuously pushes the boundaries of industry standards."
0010000000000027,Legacy Corporation,Education,415-555-1026,www.legacycorporation.com,4113 Park Ave,New York,NY,10001,1535,"As a top-tier company in Education, Legacy Corporation focuses on sustainable growth and cutting-edge technology. Their mission is to provide top-quality products and services to customers worldwide."
0010000000000028,Legacy Partners,Energy,415-555-1027,www.legacypartners.com,5684 Sunset Blvd,New York,NY,10001,1192,"Known for its forward-thinking approach, Legacy Partners has become a trusted name in Energy. Their investment in research and development has led to significant advancements in the field."
0010000000000029,Fusion Dynamics,Energy,415-555-1028,www.fusiondynamics.com,7190 Park Ave,Atlanta,GA,30303,2840,"As a top-tier company in Energy, Fusion Dynamics focuses on sustainable growth and cutting-edge technology. Their mission is to provide top-quality products and services to customers worldwide."
0010000000000030,Legacy Dynamics,Manufacturing,415-555-1029,www.legacydynamics.com,3274 Broadway,San Francisco,CA,94103,1272,"With years of experience in Manufacturing, Legacy Dynamics prides itself on its industry expertise and customer satisfaction. They continue to expand their reach with innovative solutions and strategic partnerships."
0010000000000031,Fusion Networks,Telecommunications,415-555-1030,www.fusionnetworks.com,7823 Sunset Blvd,Denver,CO,80202,2254,"With years of experience in Telecommunications, Fusion Networks prides itself on its industry expertise and customer satisfaction. They continue to expand their reach with innovative solutions and strategic partnerships."
0010000000000032,Everest Innovations,Real Estate,415-555-1031,www.everestinnovations.com,3528 Sunset Blvd,Boston,MA,02108,1883,"With years of experience in Real Estate, Everest Innovations prides itself on its industry expertise and customer satisfaction. They continue to expand their reach with innovative solutions and strategic partnerships."
0010000000000033,Summit Corporation,Telecommunications,415-555-1032,www.summitcorporation.com,4347 Market St,Miami,FL,33101,4587,"Known for its forward-thinking approach, Summit Corporation has become a trusted name in Telecommunications. Their investment in research and development has led to significant advancements in the field."
0010000000000034,Quantum Solutions,Real Estate,415-555-1033,www.quantumsolutions.com,6432 Park Ave,Atlanta,GA,30303,3661,"Known for its forward-thinking approach, Quantum Solutions has become a trusted name in Real Estate. Their investment in research and development has led to significant advancements in the field."
0010000000000035,Everest Group,Real Estate,415-555-1034,www.everestgroup.com,455 Sunset Blvd,Austin,TX,73301,1025,"Everest Group is a dynamic company in the Real Estate space, consistently delivering exceptional value to its clients. With a focus on operational efficiency and high-quality service, they continue to thrive in the competitive market."
0010000000000036,Brightpath Dynamics,Manufacturing,415-555-1035,www.brightpathdynamics.com,1318 Broadway,San Francisco,CA,94103,1115,"Known for its forward-thinking approach, Brightpath Dynamics has become a trusted name in Manufacturing. Their investment in research and development has led to significant advancements in the field."
0010000000000037,Horizon Networks,Technology,415-555-1036,www.horizonnetworks.com,5766 Main St,Austin,TX,73301,1759,"With years of experience in Technology, Horizon Networks prides itself on its industry expertise and customer satisfaction. They continue to expand their reach with innovative solutions and strategic partnerships."
0010000000000038,BlueWave Resources,Technology,415-555-1037,www.bluewaveresources.com,7917 Park Ave,Denver,CO,80202,2350,"BlueWave Resources is a dynamic company in the Technology space, consistently delivering exceptional value to its clients. With a focus on operational efficiency and high-quality service, they continue to thrive in the competitive market."
0010000000000039,Redwood Partners,Technology,415-555-1038,www.redwoodpartners.com,7345 2nd Ave,Los Angeles,CA,90012,2474,"Known for its forward-thinking approach, Redwood Partners has become a trusted name in Technology. Their investment in research and development has led to significant advancements in the field."
0010000000000040,Everest Industries,Energy,415-555-1039,www.everestindustries.com,1022 Elm St,Chicago,IL,60601,787,"A leader in Energy, Everest Industries is known for its innovation and customer-driven solutions. With a strong commitment to quality, the company continuously pushes the boundaries of industry standards."
0010000000000041,Vertex Solutions,Telecommunications,415-555-1040,www.vertexsolutions.com,3256 2nd Ave,Chicago,IL,60601,4655,"Vertex Solutions is a dynamic company in the Telecommunications space, consistently delivering exceptional value to its clients. With a focus on operational efficiency and high-quality service, they continue to thrive in the competitive market."
0010000000000042,Redwood Resources,Retail,415-555-1041,www.redwoodresources.com,1501 Ocean Dr,New York,NY,10001,133,"As a top-tier company in Retail, Redwood Resources focuses on sustainable growth and cutting-edge technology. Their mission is to provide top-quality products and services to customers worldwide."
0010000000000043,Legacy Industries,Manufacturing,415-555-1042,www.legacyindustries.com,4738 Park Ave,Seattle,WA,98101,4467,"With years of experience in Manufacturing, Legacy Industries prides itself on its industry expertise and customer satisfaction. They continue to expand their reach with innovative solutions and strategic partnerships."
0010000000000044,Beacon Partners,Real Estate,415-555-1043,www.beaconpartners.com,3271 Broadway,Seattle,WA,98101,2406,"Beacon Partners is a dynamic company in the Real Estate space, consistently delivering exceptional value to its clients. With a focus on operational efficiency and high-quality service, they continue to thrive in the competitive market."
0010000000000045,Legacy Logistics,Telecommunications,415-555-1044,www.legacylogistics.com,6126 Park Ave,New York,NY,10001,950,Legacy Logistics specializes in Telecommunications and has built a reputation for excellence in service delivery. Their dedicated team of professionals ensures clients receive the best possible solutions.
0010000000000046,BlueWave Partners,Consulting,415-555-1045,www.bluewavepartners.com,8525 Sunset Blvd,Miami,FL,33101,4727,"As a top-tier company in Consulting, BlueWave Partners focuses on sustainable growth and cutting-edge technology. Their mission is to provide top-quality products and services to customers worldwide."
0010000000000047,Northstar Networks,Real Estate,415-555-1046,www.northstarnetworks.com,8738 Broadway,Boston,MA,02108,2161,Northstar Networks specializes in Real Estate and has built a reputation for excellence in service delivery. Their dedicated team of professionals ensures clients receive the best possible solutions.
0010000000000048,Vertex Industries,Retail,415-555-1047,www.vertexindustries.com,9504 Market St,Seattle,WA,98101,1562,"As a top-tier company in Retail, Vertex Industries focuses on sustainable growth and cutting-edge technology. Their mission is to provide top-quality products and services to customers worldwide."
0010000000000049,Apex Strategies,Telecommunications,415-555-1048,www.apexstrategies.com,2954 Park Ave,Boston,MA,02108,3136,"Apex Strategies is a dynamic company in the Telecommunications space, consistently delivering exceptional value to its clients. With a focus on operational efficiency and high-quality service, they continue to thrive in the competitive market."
0010000000000050,BlueWave Ventures,Consulting,415-555-1049,www.bluewaveventures.com,3035 Market St,Austin,TX,73301,4478,"With years of experience in Consulting, BlueWave Ventures prides itself on its industry expertise and customer satisfaction. They continue to expand their reach with innovative solutions and strategic partnerships."
0010000000000051,Northstar Consulting,Finance,415-555-1050,www.northstarconsulting.com,9686 2nd Ave,Boston,MA,02108,1240,"Known for its forward-thinking approach, Northstar Consulting has become a trusted name in Finance. Their investment in research and development has led to significant advancements in the field."
0010000000000052,Summit Industries,Consulting,415-555-1051,www.summitindustries.com,7301 Ocean Dr,Atlanta,GA,30303,2356,"With years of experience in Consulting, Summit Industries prides itself on its industry expertise and customer satisfaction. They continue to expand their reach with innovative solutions and strategic partnerships."
0010000000000053,Quantum Consulting,Healthcare,415-555-1052,www.quantumconsulting.com,5934 Market St,New York,NY,10001,2964,"With years of experience in Healthcare, Quantum Consulting prides itself on its industry expertise and customer satisfaction. They continue to expand their reach with innovative solutions and strategic partnerships."
0010000000000054,Summit Dynamics,Technology,415-555-1053,www.summitdynamics.com,3067 Main St,San Francisco,CA,94103,3520,Summit Dynamics specializes in Technology and has built a reputation for excellence in service delivery. Their dedicated team of professionals ensures clients receive the best possible solutions.
0010000000000055,Beacon Innovations,Real Estate,415-555-1054,www.beaconinnovations.com,6426 Main St,Chicago,IL,60601,3865,"A leader in Real Estate, Beacon Innovations is known for its innovation and customer-driven solutions. With a strong commitment to quality, the company continuously pushes the boundaries of industry standards."
0010000000000056,Beacon Consulting,Finance,415-555-1055,www.beaconconsulting.com,7131 Sunset Blvd,Atlanta,GA,30303,264,Beacon Consulting specializes in Finance and has built a reputation for excellence in service delivery. Their dedicated team of professionals ensures clients receive the best possible solutions.
0010000000000057,Silverstone Strategies,Manufacturing,415-555-1056,www.silverstonestrategies.com,102 Broadway,Atlanta,GA,30303,4054,"Silverstone Strategies is a dynamic company in the Manufacturing space, consistently delivering exceptional value to its clients. With a focus on operational efficiency and high-quality service, they continue to thrive in the competitive market."
0010000000000058,Legacy Consulting,Healthcare,415-555-1057,www.legacyconsulting.com,7115 Park Ave,Atlanta,GA,30303,2704,"Legacy Consulting is a dynamic company in the Healthcare space, consistently delivering exceptional value to its clients. With a focus on operational efficiency and high-quality service, they continue to thrive in the competitive market."
0010000000000059,Crestpoint Corporation,Education,415-555-1058,www.crestpointcorporation.com,6003 Main St,Atlanta,GA,30303,3011,"With years of experience in Education, Crestpoint Corporation prides itself on its industry expertise and customer satisfaction. They continue to expand their reach with innovative solutions and strategic partnerships."
0010000000000060,Crestpoint Solutions,Real Estate,415-555-1059,www.crestpointsolutions.com,997 Ocean Dr,New York,NY,10001,1522,"Crestpoint Solutions is a dynamic company in the Real Estate space, consistently delivering exceptional value to its clients. With a focus on operational efficiency and high-quality service, they continue to thrive in the competitive market."
0010000000000061,Brightpath Solutions,Manufacturing,415-555-1060,www.brightpathsolutions.com,1064 Main St,Miami,FL,33101,3087,"Brightpath Solutions is a dynamic company in the Manufacturing space, consistently delivering exceptional value to its clients. With a focus on operational efficiency and high-quality service, they continue to thrive in the competitive market."
0010000000000062,Pinnacle Consulting,Consulting,415-555-1061,www.pinnacleconsulting.com,5763 2nd Ave,New York,NY,10001,2456,"With years of experience in Consulting, Pinnacle Consulting prides itself on its industry expertise and customer satisfaction. They continue to expand their reach with innovative solutions and strategic partnerships."
0010000000000063,Skyline Innovations,Education,415-555-1062,www.skylineinnovations.com,5869 Park Ave,New York,NY,10001,3176,"Known for its forward-thinking approach, Skyline Innovations has become a trusted name in Education. Their investment in research and development has led to significant advancements in the field."
0010000000000064,Vanguard Ventures,Consulting,415-555-1063,www.vanguardventures.com,1185 Elm St,Chicago,IL,60601,184,"With years of experience in Consulting, Vanguard Ventures prides itself on its industry expertise and customer satisfaction. They continue to expand their reach with innovative solutions and strategic partnerships."
0010000000000065,Vertex Networks,Education,415-555-1064,www.vertexnetworks.com,8951 Park Ave,Boston,MA,02108,3706,"Vertex Networks is a dynamic company in the Education space, consistently delivering exceptional value to its clients. With a focus on operational efficiency and high-quality service, they continue to thrive in the competitive market."
0010000000000066,Vanguard Enterprises,Manufacturing,415-555-1065,www.vanguardenterprises.com,3217 Elm St,Austin,TX,73301,2360,"Vanguard Enterprises is a dynamic company in the Manufacturing space, consistently delivering exceptional value to its clients. With a focus on operational efficiency and high-quality service, they continue to thrive in the competitive market."
0010000000000067,Pinnacle Logistics,Technology,415-555-1066,www.pinnaclelogistics.com,9984 Market St,Boston,MA,02108,1020,"As a top-tier company in Technology, Pinnacle Logistics focuses on sustainable growth and cutting-edge technology. Their mission is to provide top-quality products and services to customers worldwide."
0010000000000068,Silverstone Solutions,Healthcare,415-555-1067,www.silverstonesolutions.com,4579 Ocean Dr,New York,NY,10001,1994,"With years of experience in Healthcare, Silverstone Solutions prides itself on its industry expertise and customer satisfaction. They continue to expand their reach with innovative solutions and strategic partnerships."
0010000000000069,Silverstone Corporation,Healthcare,415-555-1068,www.silverstonecorporation.com,1622 Sunset Blvd,Los Angeles,CA,90012,3175,"Known for its forward-thinking approach, Silverstone Corporation has become a trusted name in Healthcare. Their investment in research and development has led to significant advancements in the field."
0010000000000070,Crestpoint Technologies,Retail,415-555-1069,www.crestpointtechnologies.com,9440 Park Ave,Seattle,WA,98101,4992,"As a top-tier company in Retail, Crestpoint Technologies focuses on sustainable growth and cutting-edge technology. Their mission is to provide top-quality products and services to customers worldwide."
0010000000000071,Brightpath Ventures,Real Estate,415-555-1070,www.brightpathventures.com,546 Sunset Blvd,Seattle,WA,98101,3413,"As a top-tier company in Real Estate, Brightpath Ventures focuses on sustainable growth and cutting-edge technology. Their mission is to provide top-quality products and services to customers worldwide."
0010000000000072,Vertex Enterprises,Telecommunications,415-555-1071,www.vertexenterprises.com,6054 Main St,New York,NY,10001,4585,Vertex Enterprises specializes in Telecommunications and has built a reputation for excellence in service delivery. Their dedicated team of professionals ensures clients receive the best possible solutions.
0010000000000073,Beacon Group,Healthcare,415-555-1072,www.beacongroup.com,1807 2nd Ave,Seattle,WA,98101,4505,"With years of experience in Healthcare, Beacon Group prides itself on its industry expertise and customer satisfaction. They continue to expand their reach with innovative solutions and strategic partnerships."
0010000000000074,Skyline Enterprises,Energy,415-555-1073,www.skylineenterprises.com,4777 Broadway,Boston,MA,02108,203,"Skyline Enterprises is a dynamic company in the Energy space, consistently delivering exceptional value to its clients. With a focus on operational efficiency and high-quality service, they continue to thrive in the competitive market."
0010000000000075,BlueWave Technologies,Retail,415-555-1074,www.bluewavetechnologies.com,7473 Elm St,Los Angeles,CA,90012,1521,"BlueWave Technologies is a dynamic company in the Retail space, consistently delivering exceptional value to its clients. With a focus on operational efficiency and high-quality service, they continue to thrive in the competitive market."
0010000000000076,Vanguard Technologies,Telecommunications,415-555-1075,www.vanguardtechnologies.com,8337 Elm St,Seattle,WA,98101,586,"A leader in Telecommunications, Vanguard Technologies is known for its innovation and customer-driven solutions. With a strong commitment to quality, the company continuously pushes the boundaries of industry standards."
0010000000000077,Silverstone Resources,Education,415-555-1076,www.silverstoneresources.com,1684 Ocean Dr,Seattle,WA,98101,939,"With years of experience in Education, Silverstone Resources prides itself on its industry expertise and customer satisfaction. They continue to expand their reach with innovative solutions and strategic partnerships."
0010000000000078,Apex Enterprises,Energy,415-555-1077,www.apexenterprises.com,2763 Broadway,Boston,MA,02108,3758,"Known for its forward-thinking approach, Apex Enterprises has become a trusted name in Energy. Their investment in research and development has led to significant advancements in the field."
0010000000000079,OmniTech Innovations,Technology,415-555-1078,www.omnitechinnovations.com,8916 2nd Ave,Austin,TX,73301,4292,OmniTech Innovations specializes in Technology and has built a reputation for excellence in service delivery. Their dedicated team of professionals ensures clients receive the best possible solutions.
0010000000000080,Horizon Industries,Healthcare,415-555-1079,www.horizonindustries.com,8706 Main St,San Francisco,CA,94103,2958,"Known for its forward-thinking approach, Horizon Industries has become a trusted name in Healthcare. Their investment in research and development has led to significant advancements in the field."
0010000000000081,Quantum Resources,Energy,415-555-1080,www.quantumresources.com,8446 Market St,Austin,TX,73301,3148,"A leader in Energy, Quantum Resources is known for its innovation and customer-driven solutions. With a strong commitment to quality, the company continuously pushes the boundaries of industry standards."
0010000000000082,Redwood Logistics,Consulting,415-555-1081,www.redwoodlogistics.com,1449 Ocean Dr,Los Angeles,CA,90012,1432,"Known for its forward-thinking approach, Redwood Logistics has become a trusted name in Consulting. Their investment in research and development has led to significant advancements in the field."
0010000000000083,Skyline Dynamics,Education,415-555-1082,www.skylinedynamics.com,4918 Broadway,San Francisco,CA,94103,784,"With years of experience in Education, Skyline Dynamics prides itself on its industry expertise and customer satisfaction. They continue to expand their reach with innovative solutions and strategic partnerships."
0010000000000084,Skyline Technologies,Retail,415-555-1083,www.skylinetechnologies.com,9553 2nd Ave,Seattle,WA,98101,2029,"Known for its forward-thinking approach, Skyline Technologies has become a trusted name in Retail. Their investment in research and development has led to significant advancements in the field."
0010000000000085,Beacon Technologies,Consulting,415-555-1084,www.beacontechnologies.com,2922 Broadway,Miami,FL,33101,3664,Beacon Technologies specializes in Consulting and has built a reputation for excellence in service delivery. Their dedicated team of professionals ensures clients receive the best possible solutions.
0010000000000086,Northstar Holdings,Technology,415-555-1085,www.northstarholdings.com,8477 Main St,Boston,MA,02108,698,"With years of experience in Technology, Northstar Holdings prides itself on its industry expertise and customer satisfaction. They continue to expand their reach with innovative solutions and strategic partnerships."
0010000000000087,Pinnacle Innovations,Real Estate,415-555-1086,www.pinnacleinnovations.com,2496 Elm St,Denver,CO,80202,1006,"Known for its forward-thinking approach, Pinnacle Innovations has become a trusted name in Real Estate. Their investment in research and development has led to significant advancements in the field."
0010000000000088,Sterling Corporation,Healthcare,415-555-1087,www.sterlingcorporation.com,5599 Park Ave,Seattle,WA,98101,3090,"As a top-tier company in Healthcare, Sterling Corporation focuses on sustainable growth and cutting-edge technology. Their mission is to provide top-quality products and services to customers worldwide."
0010000000000089,Skyline Ventures,Retail,415-555-1088,www.skylineventures.com,684 Elm St,New York,NY,10001,116,"As a top-tier company in Retail, Skyline Ventures focuses on sustainable growth and cutting-edge technology. Their mission is to provide top-quality products and services to customers worldwide."
0010000000000090,Silverstone Ventures,Retail,415-555-1089,www.silverstoneventures.com,8710 Main St,Denver,CO,80202,3323,"A leader in Retail, Silverstone Ventures is known for its innovation and customer-driven solutions. With a strong commitment to quality, the company continuously pushes the boundaries of industry standards."
0010000000000091,Redwood Technologies,Healthcare,415-555-1090,www.redwoodtechnologies.com,6072 Broadway,Denver,CO,80202,871,"A leader in Healthcare, Redwood Technologies is known for its innovation and customer-driven solutions. With a strong commitment to quality, the company continuously pushes the boundaries of industry standards."
0010000000000092,Apex Group,Education,415-555-1091,www.apexgroup.com,9205 Park Ave,Miami,FL,33101,2353,Apex Group specializes in Education and has built a reputation for excellence in service delivery. Their dedicated team of professionals ensures clients receive the best possible solutions.
0010000000000093,Apex Corporation,Retail,415-555-1092,www.apexcorporation.com,4594 Market St,Seattle,WA,98101,428,"Apex Corporation is a dynamic company in the Retail space, consistently delivering exceptional value to its clients. With a focus on operational efficiency and high-quality service, they continue to thrive in the competitive market."
0010000000000094,Redwood Industries,Technology,415-555-1093,www.redwoodindustries.com,511 Park Ave,Chicago,IL,60601,2425,"As a top-tier company in Technology, Redwood Industries focuses on sustainable growth and cutting-edge technology. Their mission is to provide top-quality products and services to customers worldwide."
0010000000000095,Crestpoint Holdings,Finance,415-555-1094,www.crestpointholdings.com,5618 Broadway,New York,NY,10001,4413,"With years of experience in Finance, Crestpoint Holdings prides itself on its industry expertise and customer satisfaction. They continue to expand their reach with innovative solutions and strategic partnerships."
0010000000000096,BlueWave Consulting,Healthcare,415-555-1095,www.bluewaveconsulting.com,2910 Park Ave,Boston,MA,02108,2169,"With years of experience in Healthcare, BlueWave Consulting prides itself on its industry expertise and customer satisfaction. They continue to expand their reach with innovative solutions and strategic partnerships."
0010000000000097,Silverstone Logistics,Consulting,415-555-1096,www.silverstonelogistics.com,3258 Park Ave,Boston,MA,02108,3312,"As a top-tier company in Consulting, Silverstone Logistics focuses on sustainable growth and cutting-edge technology. Their mission is to provide top-quality products and services to customers worldwide."
0010000000000098,Brightpath Partners,Technology,415-555-1097,www.brightpathpartners.com,4276 Elm St,Denver,CO,80202,3885,"Brightpath Partners is a dynamic company in the Technology space, consistently delivering exceptional value to its clients. With a focus on operational efficiency and high-quality service, they continue to thrive in the competitive market."
0010000000000099,BlueWave Enterprises,Finance,415-555-1098,www.bluewaveenterprises.com,4418 Market St,Atlanta,GA,30303,2311,"As a top-tier company in Finance, BlueWave Enterprises focuses on sustainable growth and cutting-edge technology. Their mission is to provide top-quality products and services to customers worldwide."
0010000000000100,OmniTech Logistics,Telecommunications,415-555-1099,www.omnitechlogistics.com,4990 Elm St,Atlanta,GA,30303,541,"With years of experience in Telecommunications, OmniTech Logistics prides itself on its industry expertise and customer satisfaction. They continue to expand their reach with innovative solutions and strategic partnerships."
